sweep,value,calibration,detect_pct,detect_lo,detect_hi,false_alarm_pct,fa_lo,fa_hi,reason_ok_pct,n_def,n_good,seg_fail_pct
gain,0.6,off,100.0,98.82,100.0,100.0,99.18,100.0,94.72,322,462,2.0
gain,0.6,on,100.0,98.85,100.0,0.0,0.0,0.81,100.0,330,470,0.0
gain,0.6,on_headroom,100.0,98.85,100.0,0.0,0.0,0.81,100.0,330,470,0.0
gain,0.7,off,100.0,98.85,100.0,100.0,99.19,100.0,99.7,330,470,0.0
gain,0.7,on,100.0,98.85,100.0,0.0,0.0,0.81,100.0,330,470,0.0
gain,0.7,on_headroom,100.0,98.85,100.0,0.0,0.0,0.81,100.0,330,470,0.0
gain,0.85,off,99.7,98.3,99.95,0.0,0.0,0.81,99.7,330,470,0.0
gain,0.85,on,100.0,98.85,100.0,0.0,0.0,0.81,100.0,330,470,0.0
gain,0.85,on_headroom,100.0,98.85,100.0,0.0,0.0,0.81,100.0,330,470,0.0
gain,1.0,off,100.0,98.85,100.0,0.0,0.0,0.81,100.0,330,470,0.0
gain,1.0,on,100.0,98.85,100.0,0.0,0.0,0.81,100.0,330,470,0.0
gain,1.0,on_headroom,100.0,98.85,100.0,0.0,0.0,0.81,100.0,330,470,0.0
gain,1.15,off,100.0,98.85,100.0,0.0,0.0,0.81,100.0,330,470,0.0
gain,1.15,on,100.0,98.85,100.0,0.0,0.0,0.81,100.0,330,470,0.0
gain,1.15,on_headroom,100.0,98.85,100.0,0.0,0.0,0.81,100.0,330,470,0.0
gain,1.3,off,99.7,98.3,99.95,0.0,0.0,0.81,99.7,330,470,0.0
gain,1.3,on,100.0,98.85,100.0,0.0,0.0,0.81,100.0,330,470,0.0
gain,1.3,on_headroom,100.0,98.85,100.0,0.0,0.0,0.81,100.0,330,470,0.0
gain,1.4,off,100.0,98.85,100.0,0.0,0.0,0.81,100.0,330,470,0.0
gain,1.4,on,100.0,98.85,100.0,0.0,0.0,0.81,100.0,330,470,0.0
gain,1.4,on_headroom,100.0,98.85,100.0,0.0,0.0,0.81,100.0,330,470,0.0
tilt,-0.2,off,88.18,84.25,91.23,0.0,0.0,0.81,87.88,330,470,0.0
tilt,-0.2,on,100.0,98.85,100.0,0.0,0.0,0.81,100.0,330,470,0.0
tilt,-0.2,on_headroom,100.0,98.85,100.0,0.0,0.0,0.81,100.0,330,470,0.0
tilt,-0.1,off,100.0,98.85,100.0,0.0,0.0,0.81,100.0,330,470,0.0
tilt,-0.1,on,100.0,98.85,100.0,0.0,0.0,0.81,100.0,330,470,0.0
tilt,-0.1,on_headroom,100.0,98.85,100.0,0.0,0.0,0.81,100.0,330,470,0.0
tilt,0.0,off,100.0,98.85,100.0,0.0,0.0,0.81,100.0,330,470,0.0
tilt,0.0,on,100.0,98.85,100.0,0.0,0.0,0.81,100.0,330,470,0.0
tilt,0.0,on_headroom,100.0,98.85,100.0,0.0,0.0,0.81,100.0,330,470,0.0
tilt,0.1,off,100.0,98.85,100.0,0.0,0.0,0.81,100.0,330,470,0.0
tilt,0.1,on,100.0,98.85,100.0,0.0,0.0,0.81,100.0,330,470,0.0
tilt,0.1,on_headroom,100.0,98.85,100.0,0.0,0.0,0.81,100.0,330,470,0.0
tilt,0.2,off,100.0,98.85,100.0,100.0,99.19,100.0,87.58,330,470,0.0
tilt,0.2,on,100.0,98.85,100.0,0.0,0.0,0.81,100.0,330,470,0.0
tilt,0.2,on_headroom,100.0,98.85,100.0,0.0,0.0,0.81,100.0,330,470,0.0
noise,0,off,100.0,98.85,100.0,0.0,0.0,0.81,100.0,330,470,0.0
noise,0,on,100.0,98.85,100.0,0.0,0.0,0.81,100.0,330,470,0.0
noise,0,on_headroom,100.0,98.85,100.0,0.0,0.0,0.81,100.0,330,470,0.0
noise,5,off,100.0,98.85,100.0,0.0,0.0,0.81,100.0,330,470,0.0
noise,5,on,100.0,98.85,100.0,0.0,0.0,0.81,100.0,330,470,0.0
noise,5,on_headroom,100.0,98.85,100.0,0.0,0.0,0.81,100.0,330,470,0.0
noise,10,off,100.0,98.85,100.0,1.49,0.72,3.04,100.0,330,470,0.0
noise,10,on,100.0,98.85,100.0,2.34,1.31,4.14,100.0,330,470,0.0
noise,10,on_headroom,100.0,98.85,100.0,100.0,99.19,100.0,93.03,330,470,0.0
noise,20,off,100.0,98.85,100.0,100.0,99.19,100.0,87.58,330,470,0.0
noise,20,on,100.0,98.85,100.0,100.0,99.19,100.0,87.58,330,470,0.0
noise,20,on_headroom,100.0,98.85,100.0,100.0,99.19,100.0,85.76,330,470,0.0
noise,30,off,100.0,51.01,100.0,100.0,51.01,100.0,25.0,4,4,99.0
noise,30,on,100.0,67.56,100.0,100.0,67.56,100.0,50.0,8,8,98.0
noise,30,on_headroom,nan,nan,nan,nan,nan,nan,nan,0,0,100.0
