severity,group,detect_pct,lo,hi,n,reason_ok_pct
0.1,Shape,0.0,-0.0,3.0,124,0.0
0.1,Hole,30.43,22.77,39.36,115,30.43
0.1,Surface,0.0,0.0,4.48,82,0.0
0.1,Good parts flagged,0.0,0.0,0.8,479,nan
0.25,Shape,0.0,0.0,3.13,119,0.0
0.25,Hole,31.54,24.18,39.96,130,31.54
0.25,Surface,13.48,7.88,22.1,89,13.48
0.25,Good parts flagged,0.0,0.0,0.82,462,nan
0.5,Shape,58.82,49.84,67.26,119,58.82
0.5,Hole,99.22,95.71,99.86,128,99.22
0.5,Surface,100.0,95.77,100.0,87,100.0
0.5,Good parts flagged,0.0,0.0,0.82,466,nan
0.75,Shape,100.0,97.4,100.0,144,100.0
0.75,Hole,100.0,96.47,100.0,105,100.0
0.75,Surface,100.0,95.47,100.0,81,100.0
0.75,Good parts flagged,0.0,0.0,0.81,470,nan
1.0,Shape,100.0,97.0,100.0,124,100.0
1.0,Hole,100.0,96.97,100.0,123,100.0
1.0,Surface,100.0,95.63,100.0,84,100.0
1.0,Good parts flagged,0.0,0.0,0.81,469,nan
